symbol,date,open,close,high,low,volume,value,trades,change,marketCap,collectedAt,__v,rsi,macd,macd_signal,bb_upper,bb_lower,bb_width,obv,atr,doji,engulfing,vwap,predicted_trend,signal
EXIMBANK,2025-02-03,8.0,7.9,8.0,7.9,200488,1.612,131,-1.25,9878662314.12,2025-02-03T16:05:00+08:00,0,48.34347005217499,0.1334270483282456,0.07109716666455371,10.060524785801066,6.439475214198934,43.89150995881372,-189492,1.2100767410352267,0,0,8.397934516751933,0,sell
EXIMBANK,2025-02-04,8.8,9.8,9.8,8.8,397703,3.454,52,11.36,7764404307.62,2025-02-04T17:55:00+08:00,0,55.11143256182795,0.23060589003519638,0.10299891133868225,10.267811252443785,6.432188747556215,45.935598860928984,208211,1.2593569738184247,0,0,8.440572116023963,1,buy
EXIMBANK,2025-02-05,10.0,10.0,10.0,10.0,353186,2.76,53,0.0,7417131436.08,2025-02-05T18:18:00+08:00,0,55.76837406168597,0.320069587782406,0.14641304662742702,10.489182882633713,6.420817117366288,48.117868305942345,561397,1.18368861854568,1,0,8.493931784863856,0,sell
EXIMBANK,2025-02-06,8.6,7.7,8.6,7.7,180152,0.688,194,-10.47,3227911121.47,2025-02-06T18:24:00+08:00,0,47.211397675823285,0.2030389283218721,0.15773822296631604,10.461672069144713,6.348327930855286,48.93925209148635,381245,1.2634251457924173,0,0,8.48545881178781,0,sell
EXIMBANK,2025-02-07,9.8,10.0,10.0,9.8,362017,3.365,146,2.04,8850757313.18,2025-02-07T17:38:00+08:00,0,54.69725509465627,0.292510190245137,0.18469261642208024,10.582063617284502,6.557936382715498,46.95597706614941,743262,1.3374662068072447,0,0,8.533705907249043,1,buy
EXIMBANK,2025-02-08,7.2,7.5,7.5,7.2,137615,1.047,130,4.17,7999405945.68,2025-02-08T18:03:00+08:00,0,46.91031870372826,0.15984510838735133,0.17972311481513445,10.566528559103656,6.443471440896342,48.47803783900428,605647,1.441932906321013,0,0,8.519524779556845,1,buy
EXIMBANK,2025-02-09,8.4,8.9,8.9,8.4,368470,1.926,30,5.95,1223328487.06,2025-02-09T17:42:00+08:00,0,51.10801910141868,0.16576454444307487,0.17693140074072253,10.50938414303453,6.45061585696547,47.86283356213515,974117,1.438937698726655,0,0,8.526453682723488,1,buy
EXIMBANK,2025-02-10,7.3,8.2,8.2,7.3,472558,4.564,124,12.33,2497569542.59,2025-02-10T18:48:00+08:00,0,49.02094583839461,0.1126727687665845,0.16407967434589493,10.50389066901874,6.51610933098126,46.859945217831715,501559,1.4504421488176082,0,0,8.501456192776761,1,buy
EXIMBANK,2025-02-11,8.1,8.7,8.7,8.1,226600,0.783,138,7.41,7513759035.6,2025-02-11T16:45:00+08:00,0,50.57356374905651,0.1096786679514814,0.15319947306701226,10.525348070594141,6.57465192940586,46.20697241155884,728159,1.389696281044922,0,1,8.501428852702983,1,buy
EXIMBANK,2025-02-12,7.6,8.4,8.4,7.6,207510,0.582,69,10.53,6134444909.38,2025-02-12T18:03:00+08:00,0,49.597521258938336,0.08215133918806572,0.13898984629122296,10.53071415560759,6.609285844392406,45.757623234716284,520649,1.3690036895417133,0,1,8.495207039574419,1,buy
EXIMBANK,2025-02-13,9.3,10.2,10.2,9.3,413076,3.329,174,9.68,7840380604.65,2025-02-13T17:54:00+08:00,0,55.18601380558267,0.2032378897103122,0.1518394549750408,10.723390447856904,6.686609552143096,46.37312918683294,933725,1.3997891402887335,0,0,8.540935586890777,1,buy
EXIMBANK,2025-02-14,8.5,9.4,9.4,8.5,422615,2.526,146,10.59,4091724034.81,2025-02-14T16:35:00+08:00,0,52.404911664305246,0.23197250462420627,0.1678660649048739,10.723390447856904,6.686609552143096,46.37312918683294,511110,1.4212327731252525,0,1,8.558954308300219,1,buy
EXIMBANK,2025-02-15,9.5,9.4,9.5,9.4,87985,0.346,121,-1.05,7116725764.82,2025-02-15T18:03:00+08:00,0,52.404911664305246,0.2518418182504867,0.18466121557399648,10.788136403678614,6.711863596321386,46.58597494122546,599095,1.3268590036163062,0,0,8.564782330256635,0,sell
EXIMBANK,2025-02-16,9.1,9.1,9.1,9.1,496992,0.766,45,0.0,3018884313.38,2025-02-16T16:34:00+08:00,0,51.280967443772624,0.24060732814856145,0.19585043808890948,10.822288829940122,6.7677111700598775,46.10093985082712,102103,1.2535119319294272,1,0,8.584202000940083,0,sell
EXIMBANK,2025-02-17,8.7,9.6,9.6,8.7,360731,0.761,182,10.34,2515129996.95,2025-02-17T17:22:00+08:00,0,53.08689520638539,0.2689494532465009,0.21047024112042778,10.864688270438847,6.935311729561153,44.15029821210892,462834,1.2282610796487536,0,1,8.602569351467377,1,buy
EXIMBANK,2025-02-18,9.3,8.7,9.3,8.7,403710,3.641,52,-6.45,8082216444.67,2025-02-18T18:34:00+08:00,0,49.52804206306927,0.21629499908395644,0.21163519271313352,10.782622748252518,7.167377251747481,40.2812868691369,59124,1.2048138596738427,0,0,8.610872289428997,0,sell
EXIMBANK,2025-02-19,8.0,8.0,8.0,8.0,83771,0.753,125,0.0,2469297547.08,2025-02-19T16:19:00+08:00,0,46.89481803257547,0.11673615324054865,0.19265538481861655,10.737814719698275,7.262185280301726,38.61810488218387,-24647,1.1687557268399966,1,0,8.607354156252583,0,sell
EXIMBANK,2025-02-20,9.9,10.3,10.3,9.9,187516,1.282,28,4.04,9899631318.71,2025-02-20T18:12:00+08:00,0,55.303446532995835,0.22087966543456972,0.1983002409418072,10.90054936763604,7.25945063236396,40.10020633559561,162869,1.2495588892085685,0,0,8.627200324963916,1,buy
EXIMBANK,2025-02-21,8.2,8.6,8.6,8.2,262429,1.879,131,4.88,1822775833.2,2025-02-21T17:06:00+08:00,0,49.11339848882967,0.16434390244772423,0.1915089732429906,10.645778261769044,7.304221738230955,37.23182756031297,-99560,1.310304682836528,0,0,8.624390912718653,1,buy
EXIMBANK,2025-02-22,7.7,7.1,7.7,7.1,287061,2.12,26,-7.79,8046292899.56,2025-02-22T17:29:00+08:00,0,44.3919715190315,-0.0014814833960734575,0.1529108819151778,10.732821304646922,7.017178695353078,41.86639559767712,-386621,1.3238543483482044,0,0,8.599514212654602,0,sell
EXIMBANK,2025-02-23,8.0,9.0,9.0,8.0,153246,1.227,140,12.5,5242924480.08,2025-02-23T17:53:00+08:00,0,50.838756353927344,0.020182177078400088,0.12636514094782225,10.733441155125387,7.126558844874612,40.39061937570857,-233375,1.3650076091804755,0,0,8.600180896962067,1,buy
EXIMBANK,2025-02-24,8.1,8.4,8.4,8.1,253501,0.799,43,3.7,3599351479.66,2025-02-24T18:59:00+08:00,0,48.91039174729225,-0.010938113741637778,0.09890449000993025,10.63132718603876,7.08867281396124,39.98481232593139,-486876,1.3317927799532987,0,1,8.59533072094719,1,buy
EXIMBANK,2025-02-25,7.6,7.9,7.9,7.6,306616,2.342,93,3.95,6627931158.98,2025-02-25T17:56:00+08:00,0,47.30026076769517,-0.07508149699105182,0.06410729260973384,10.492210407521204,7.017789592478794,39.68498932087277,-793492,1.293807581385206,0,0,8.58008556651998,1,buy
EXIMBANK,2025-02-26,8.6,8.2,8.6,8.2,486542,1.567,147,-4.65,5344930786.96,2025-02-26T18:55:00+08:00,0,48.397909288322815,-0.10054903091021039,0.031176027905745,10.469496966555427,7.090503033444572,38.48512452290269,-306950,1.2513927541434053,0,0,8.572801768920662,0,sell
EXIMBANK,2025-02-27,9.4,9.8,9.8,9.4,368335,1.266,79,4.26,4118238670.95,2025-02-27T16:46:00+08:00,0,53.91145794474426,0.008278958536719117,0.026596614031939823,10.43264848960927,7.107351510390727,37.91672724308487,61385,1.2762932717045907,0,0,8.596712055664678,1,buy
EXIMBANK,2025-02-28,7.8,7.9,7.9,7.8,456964,3.412,71,1.28,7047430910.65,2025-02-28T16:36:00+08:00,0,47.43049061388288,-0.058118245840036664,0.009653642057544525,10.399844713008058,7.180155286991944,36.62900370894327,-395579,1.327986609439977,0,0,8.57743727010749,1,buy
EXIMBANK,2025-03-01,7.4,6.6,7.4,6.6,387147,2.92,42,-10.81,1402919929.84,2025-03-01T17:50:00+08:00,0,43.570994050883016,-0.21318023507151018,-0.03491313336826642,10.544625630975355,6.805374369024646,43.103760944676765,-782726,1.32598756590855,0,0,8.540007428102143,0,sell
EXIMBANK,2025-03-02,7.9,7.6,7.9,7.6,405437,1.041,27,-3.8,4041885864.51,2025-03-02T17:48:00+08:00,0,47.134570941624986,-0.25246606441159436,-0.078423719576932,10.562785180879233,6.727214819120766,44.367499846830164,-377289,1.3241313112007964,0,0,8.521191817794534,0,sell
EXIMBANK,2025-03-03,9.5,9.4,9.5,9.4,243257,2.409,34,-1.05,4957448326.1,2025-03-03T17:46:00+08:00,0,52.90035716825102,-0.13677871059642754,-0.09009471778083113,10.625867415832845,6.734132584167154,44.835654742692284,-134032,1.365264788972168,0,0,8.533287813513896,0,sell
EXIMBANK,2025-03-04,10.0,10.6,10.6,10.0,442347,2.514,160,6.0,1250357686.46,2025-03-04T16:45:00+08:00,0,56.3205994309172,0.051144757043333655,-0.061846822815998174,10.901776503326047,6.678223496673951,48.04952225997835,308315,1.3534601611884418,0,0,8.577242583863184,1,buy
EXIMBANK,2025-03-05,8.2,7.4,8.2,7.4,321832,2.714,116,-9.76,7938467105.22,2025-03-05T17:50:00+08:00,0,46.602119537315424,-0.05747525841888468,-0.06097250993657548,10.740454496036687,6.559545503963315,48.334208000848236,-13517,1.4853558639606959,0,0,8.561905815573649,0,sell
EXIMBANK,2025-03-06,8.5,8.3,8.5,8.3,238491,1.529,75,-2.35,4515902613.74,2025-03-06T17:27:00+08:00,0,49.25432589971661,-0.07012654963949672,-0.06280331787715973,10.661373635139586,6.528626364860411,48.08315614053724,224974,1.4578304451063602,0,0,8.559499013628495,0,sell
EXIMBANK,2025-03-07,9.5,8.7,9.5,8.7,266412,0.953,139,-8.42,7283490659.55,2025-03-07T18:27:00+08:00,0,50.43269346291115,-0.04733053507285945,-0.05970876131629968,10.594109141614577,6.525890858385424,47.52591452370506,491386,1.43941398474162,0,0,8.565029824151717,0,sell
EXIMBANK,2025-03-08,8.2,8.4,8.4,8.2,355062,0.579,88,2.44,5838425646.06,2025-03-08T17:33:00+08:00,0,49.504219104907754,-0.05286265431469239,-0.05833953991597823,10.544777215437385,6.5052227845626165,47.384802708208426,136324,1.3723129858315044,0,0,8.560909860451007,1,buy
EXIMBANK,2025-03-09,7.4,8.0,8.0,7.4,336586,2.275,87,8.11,2915708703.82,2025-03-09T16:50:00+08:00,0,48.22927282838667,-0.08850334426980666,-0.06437230078674391,10.414238431475477,6.475761568524525,46.63678937774958,-200262,1.3457192011292542,0,0,8.54829625169364,1,buy
EXIMBANK,2025-03-10,8.1,7.6,8.1,7.6,372439,2.276,150,-6.17,5724347889.88,2025-03-10T17:36:00+08:00,0,46.92771414396601,-0.14732720854495618,-0.08096328233838637,10.388899697333509,6.3911003026664925,47.649575621776115,-572701,1.285310686762879,0,0,8.534217237490067,0,sell
EXIMBANK,2025-03-11,9.5,9.6,9.6,9.5,122550,0.857,84,1.05,8046759465.23,2025-03-11T16:23:00+08:00,0,53.661370014866215,-0.03219117960332163,-0.07120886179137342,10.527279757349493,6.412720242650507,48.57803441203053,-450151,1.3363599234226733,0,0,8.54030043303701,1,buy
EXIMBANK,2025-03-12,7.8,7.9,7.9,7.8,437082,2.151,72,1.28,7892934486.12,2025-03-12T16:51:00+08:00,0,48.07757706488079,-0.07723057368490771,-0.07241320417008029,10.239444362769115,6.460555637230883,45.25615240165547,-887233,1.3694770717496252,0,0,8.526435918530487,1,buy
EXIMBANK,2025-03-13,9.6,10.4,10.4,9.6,157389,0.479,88,8.33,2494548915.06,2025-03-13T16:17:00+08:00,0,55.423542382095796,0.08779247167777982,-0.04037206900050827,10.52940182827526,6.350598171724743,49.51189166529048,-729844,1.450228709481795,0,0,8.538257446720197,1,buy
EXIMBANK,2025-03-14,8.1,7.9,8.1,7.9,465218,4.189,63,-2.47,4596833622.67,2025-03-14T16:56:00+08:00,0,48.095572068301145,0.016653347996948398,-0.028966985601016938,10.494547095503105,6.465452904496897,47.512903195827924,-1195062,1.525212373090238,0,0,8.526092502457942,0,sell
EXIMBANK,2025-03-15,8.7,8.3,8.7,8.3,330137,0.682,63,-4.6,9135242287.83,2025-03-15T18:59:00+08:00,0,49.25172522643187,-0.007363382499395499,-0.02464626498069265,10.44647445649451,6.443525543505491,47.400223954872935,-864925,1.4734114892980783,0,0,8.524712406299587,0,sell
EXIMBANK,2025-03-16,7.5,7.0,7.5,7.0,366773,1.34,73,-6.67,8692518749.23,2025-03-16T17:28:00+08:00,0,45.689697557407,-0.129799699754372,-0.04567695193542852,10.473451810263937,6.276548189736063,50.11228203615371,-1231698,1.4610249543482154,0,0,8.502629810092603,0,sell
EXIMBANK,2025-03-17,8.6,8.6,8.6,8.6,298454,1.802,80,0.0,6447232298.21,2025-03-17T18:16:00+08:00,0,50.440471047225515,-0.09661106284867849,-0.05586377411807851,10.49892316756744,6.321076832432559,49.677126458203105,-933244,1.4709517433233426,1,0,8.503901358875865,0,sell
EXIMBANK,2025-03-18,9.7,10.5,10.5,9.7,251390,1.178,117,8.25,6606497465.23,2025-03-18T16:05:00+08:00,0,55.42673074110373,0.08205936279365922,-0.02827914673573097,10.799972527306647,6.250027472693354,53.37178949693012,-681854,1.5015980473716755,0,0,8.522717479838413,1,buy
EXIMBANK,2025-03-19,9.6,9.2,9.6,9.2,167848,0.171,170,-4.17,9081314986.75,2025-03-19T18:26:00+08:00,0,51.60127984361917,0.11740446137049254,0.0008575748855137316,10.717138609538116,6.272861390461886,52.31638868836056,-849702,1.4871981868451272,0,0,8.52856358238561,0,sell
EXIMBANK,2025-03-20,7.7,8.3,8.3,7.7,441863,1.158,152,7.79,7423438750.9,2025-03-20T16:42:00+08:00,0,49.075962092538,0.07196367579541274,0.015078795067493534,10.722509909377528,6.307490090622469,51.84990979160376,-1291565,1.4881126020704751,0,0,8.520578671982229,1,buy
EXIMBANK,2025-03-21,9.1,9.4,9.4,9.1,52780,0.496,78,3.3,7711116784.71,2025-03-21T16:54:00+08:00,0,52.157745111005504,0.12329110959504597,0.036721257973004025,10.708752662810202,6.601247337189798,47.45817822784985,-1238785,1.4603902733511553,0,0,8.522309457888419,1,buy
EXIMBANK,2025-03-22,8.2,8.4,8.4,8.2,351109,0.803,66,2.44,9571201522.72,2025-03-22T16:05:00+08:00,0,49.24036836830774,0.08232780434296494,0.045842567246996216,10.695474943607142,6.694525056392859,46.01437478107283,-1589894,1.441790968111787,0,0,8.519558512048246,1,buy
EXIMBANK,2025-03-23,7.3,6.9,7.3,6.9,188744,1.822,78,-5.48,2607314536.21,2025-03-23T18:05:00+08:00,0,45.159963703412636,-0.07036228158778712,0.022601597480039547,10.68764019606731,6.452359803932691,49.41984121510641,-1778638,1.4459487561038025,0,0,8.508018517290461,0,sell
EXIMBANK,2025-03-24,9.7,8.9,9.7,8.9,82248,0.452,103,-8.25,7221341355.68,2025-03-24T18:32:00+08:00,0,50.99142547391362,-0.02964525738438617,0.012152226507154404,10.396308452343575,6.573691547656426,45.0514661719169,-1696390,1.542666702096388,0,0,8.510239574195523,0,sell
EXIMBANK,2025-03-25,8.9,8.1,8.9,8.1,432150,1.279,194,-8.99,4060138331.8,2025-03-25T16:34:00+08:00,0,48.75800594155243,-0.06122428107249611,-0.0025230750087756985,10.375370582929456,6.664629417070543,43.55330006876659,-2128540,1.4896190805180747,0,0,8.507740032367867,0,sell
EXIMBANK,2025-03-26,8.3,9.2,9.2,8.3,288651,0.64,197,10.84,4695910349.21,2025-03-26T16:11:00+08:00,0,51.879015120350864,0.002481318956162326,-0.0015221962157880935,10.44039329208569,6.689606707914313,43.79202083095593,-1839889,1.4617891461953552,0,0,8.512249023308168,1,buy
EXIMBANK,2025-03-27,9.9,10.1,10.1,9.9,331035,0.868,187,2.02,8616313215.2,2025-03-27T18:23:00+08:00,0,54.329967388457234,0.12415970850618052,0.02361418472860563,10.626255885113713,6.643744114886287,46.1205763778509,-1508854,1.4216613500385442,0,0,8.532040204675836,1,buy
EXIMBANK,2025-03-28,9.5,9.0,9.5,9.0,443243,2.823,180,-5.26,6181250802.86,2025-03-28T18:08:00+08:00,0,50.916514806940235,0.13032756688860303,0.04495686116060511,10.659266782554429,6.67073321744557,46.030393134551176,-1952097,1.3986855393215052,0,0,8.542907054251616,0,sell
EXIMBANK,2025-03-29,8.6,8.9,8.9,8.6,355797,1.155,92,3.49,2131476290.6,2025-03-29T16:45:00+08:00,0,50.605241464260956,0.1256975121524544,0.06110499135897497,10.68271386673283,6.737286133267169,45.2976777665403,-2307894,1.3273508579413975,0,0,8.546392893011452,1,buy
EXIMBANK,2025-03-30,9.7,9.2,9.7,9.2,483116,1.017,149,-5.15,9772682102.21,2025-03-30T18:56:00+08:00,0,51.56194179347235,0.14456915004119963,0.07779782309541991,10.705097908724252,6.874902091275751,43.57446891295222,-1824778,1.289682939517012,0,0,8.561221563631506,0,sell
EXIMBANK,2025-03-31,8.6,8.6,8.6,8.6,83760,0.195,155,0.0,9410509692.84,2025-03-31T18:10:00+08:00,0,49.49708763860113,0.10984386177692507,0.08420703083172094,10.619787222001468,6.860212777998532,43.01572590392376,-1908538,1.2404198724086537,1,0,8.561342723806078,0,sell
EXIMBANK,2025-04-01,8.6,8.3,8.6,8.3,427469,3.902,48,-3.49,6109101272.66,2025-04-01T17:35:00+08:00,0,48.45229722753455,0.057454033515435654,0.07885643136846389,10.611917924747205,6.9080820752527945,42.281231158611995,-2336007,1.1732470243794642,0,0,8.558810415752042,0,sell
EXIMBANK,2025-04-02,7.8,8.4,8.4,7.8,177988,1.706,156,7.69,3207145020.26,2025-04-02T18:51:00+08:00,0,48.839950909271295,0.02373033292862381,0.06783121168049588,10.3563490206912,6.9636509793088,39.176651748064664,-2158019,1.1323008083523596,0,0,8.556480772824576,1,buy
EXIMBANK,2025-04-03,7.6,8.1,8.1,7.6,116933,0.435,34,6.58,7734955975.85,2025-04-03T17:11:00+08:00,0,47.68146664028453,-0.026893424886441863,0.04888628436710833,10.350595132683656,6.9894048673163445,38.768053810464956,-2274952,1.108565036327191,0,1,8.55383402261599,1,buy
EXIMBANK,2025-04-04,7.1,7.9,7.9,7.1,275480,2.619,28,11.27,5364703946.23,2025-04-04T16:12:00+08:00,0,46.88305971804253,-0.08220385138102237,0.02266825721748219,10.35704422906965,6.942955770930351,39.4692307299341,-2550432,1.100810390875249,0,1,8.54471443620235,1,buy
EXIMBANK,2025-04-05,7.9,7.0,7.9,7.0,384783,3.453,146,-11.39,3411081684.17,2025-04-05T17:35:00+08:00,0,43.36419047916307,-0.1963963068809811,-0.02114465560221047,10.35704422906965,6.942955770930351,39.4692307299341,-2935215,1.0864667915270168,0,0,8.527725040155216,0,sell
EXIMBANK,2025-04-06,7.9,7.0,7.9,7.0,181596,0.657,176,-11.39,1563908333.0,2025-04-06T16:31:00+08:00,0,43.364190479163064,-0.2836251958694831,-0.073640763655665,10.422673743539319,6.717326256460681,43.236260059260644,-2753619,1.0731477349893728,0,0,8.519867056543037,0,sell
EXIMBANK,2025-04-07,8.7,9.0,9.0,8.7,218295,1.851,191,3.45,1112007457.07,2025-04-07T18:04:00+08:00,0,52.544026462575886,-0.18919056250298816,-0.09675072342512964,10.138745722427894,6.851254277572108,38.69913413603043,-2535324,1.1393514682044175,0,0,8.522769437305763,1,buy
EXIMBANK,2025-04-08,8.9,8.5,8.9,8.5,111764,0.834,181,-4.49,3758334716.18,2025-04-08T17:42:00+08:00,0,50.34696698482703,-0.15293333621866445,-0.1079872459838366,10.07170716943246,6.848292830567539,38.10182433646478,-2647088,1.0936835061898162,0,0,8.52319995991983,0,sell
EXIMBANK,2025-04-09,7.3,8.3,8.3,7.3,286698,1.126,150,13.7,4949192069.84,2025-04-09T18:18:00+08:00,0,49.45616016515877,-0.1387382633609331,-0.11413744945925591,10.071707169432461,6.848292830567541,38.10182433646477,-2933786,1.1012775414619722,0,0,8.5176959395526,1,buy
EXIMBANK,2025-04-10,7.5,7.6,7.6,7.5,305952,0.919,61,1.33,6509252950.53,2025-04-10T18:26:00+08:00,0,46.36412105066322,-0.1818761605423571,-0.12768519167587616,9.962607924129475,6.777392075870527,38.055147529975486,-3239738,1.0797577170718313,0,1,8.507763592860274,1,buy
EXIMBANK,2025-04-11,9.8,9.5,9.8,9.5,377089,0.944,192,-3.06,4287655677.22,2025-04-11T16:11:00+08:00,0,54.651670339826005,-0.06203404396891621,-0.11455496213448417,10.092183253274815,6.757816746725187,39.577050522844246,-2862649,1.159775022995272,0,0,8.52164426843689,0,sell
EXIMBANK,2025-04-12,7.1,7.5,7.5,7.1,466444,2.902,145,5.63,6345455004.33,2025-04-12T17:42:00+08:00,0,46.50577722332319,-0.12697786666529431,-0.1170395430406462,10.0304047099079,6.8795952900921,37.26563477014548,-3329093,1.2483625213527527,0,0,8.503769138558663,1,buy
EXIMBANK,2025-04-13,9.6,9.1,9.6,9.1,326062,2.603,82,-5.21,1780104733.89,2025-04-13T18:09:00+08:00,0,52.59341258720492,-0.048777410183362235,-0.10338711646918942,10.054056323734308,6.875943676265692,37.544154134301436,-3003031,1.3091937698275562,0,0,8.51193438407235,0,sell
EXIMBANK,2025-04-14,8.5,9.5,9.5,8.5,261700,2.242,105,11.76,6393109789.61,2025-04-14T16:48:00+08:00,0,54.002697506482576,0.04495545355813135,-0.07371860246372527,10.176066726248507,6.893933273751492,38.45499065608687,-2741331,1.2871085005541594,0,0,8.517510805116004,1,buy
EXIMBANK,2025-04-15,8.3,8.4,8.4,8.3,265256,2.175,187,1.2,4268163297.6,2025-04-15T16:17:00+08:00,0,49.63303106462248,0.030131281805079624,-0.052948625609964294,10.108040607052407,6.881959392947595,37.97623559864405,-3006587,1.280886464800291,0,0,8.516219738551495,1,buy
EXIMBANK,2025-04-16,8.2,7.6,8.2,7.6,313324,0.622,173,-7.32,3786218202.68,2025-04-16T16:05:00+08:00,0,46.675022970707246,-0.0456441380220145,-0.05148772809237434,9.847971582947384,6.892028417052618,35.31592790794224,-3319911,1.2465374316002702,0,0,8.509051271697404,0,sell
EXIMBANK,2025-04-17,8.5,7.7,8.5,7.7,176816,1.343,198,-9.41,7553196737.93,2025-04-17T18:32:00+08:00,0,47.09943100769558,-0.09651497534498432,-0.06049317754289634,9.780770984943123,6.82922901505688,35.53933738574645,-3143095,1.2217847579145367,0,0,8.506004996175625,0,sell
EXIMBANK,2025-04-18,9.1,9.5,9.5,9.1,72492,0.251,83,4.4,7198281456.86,2025-04-18T16:01:00+08:00,0,54.17007904038483,0.008318584875993906,-0.0467308250591183,9.880671375163553,6.789328624836445,37.08869526487232,-3070603,1.263085846634927,0,0,8.507982256832046,1,buy
EXIMBANK,2025-04-19,7.5,7.3,7.5,7.3,497853,3.128,85,-2.67,2319304829.34,2025-04-19T17:12:00+08:00,0,46.06583226454534,-0.08514023358194045,-0.05441270676368273,9.794863338046142,6.685136661953859,37.73940140888693,-3568456,1.3300082861610036,0,0,8.490254670735952,0,sell
EXIMBANK,2025-04-20,7.2,8.0,8.0,7.2,374466,0.786,95,11.11,8760880434.37,2025-04-20T17:00:00+08:00,0,48.69589061043142,-0.10155223968337701,-0.06384061334762159,9.759064233658497,6.660935766341501,37.73603492468936,-3193990,1.2921505514352176,0,1,8.481513665026206,1,buy
EXIMBANK,2025-04-21,7.1,7.6,7.6,7.1,375991,0.744,88,7.04,8197786973.09,2025-04-21T17:41:00+08:00,0,47.27716165811512,-0.14516219045022005,-0.08010492876814128,9.745827807240499,6.604172192759503,38.430038097626856,-3569981,1.2641397977612736,0,1,8.469499184744876,1,buy
EXIMBANK,2025-04-22,7.2,6.8,7.2,6.8,81524,0.716,37,-5.56,3573126049.9,2025-04-22T16:16:00+08:00,0,44.48563613665558,-0.24149292463563565,-0.11238252794164015,9.771275633659332,6.418724366340669,41.41508668707428,-3651505,1.2309869550640398,0,0,8.465690832491212,0,sell
EXIMBANK,2025-04-23,8.8,9.4,9.4,8.8,266070,1.911,184,6.82,8734027959.68,2025-04-23T16:24:00+08:00,0,53.993400070467814,-0.10680625854574011,-0.11126727406246015,9.930197729068702,6.389802270931297,43.38719924187996,-3385435,1.3287736011308942,0,0,8.471584540135682,1,buy
EXIMBANK,2025-04-24,9.7,9.9,9.9,9.7,205959,0.656,57,2.06,8613234525.72,2025-04-24T16:28:00+08:00,0,55.56933112505479,0.039820687918373565,-0.08104968166629341,10.179791655362633,6.34020834463737,46.484059451879695,-3179476,1.2695754867644016,0,0,8.479992712792031,1,buy
EXIMBANK,2025-04-25,9.5,10.2,10.2,9.5,230006,1.101,24,7.37,7894146541.43,2025-04-25T17:43:00+08:00,0,56.53144875964999,0.17817717659631782,-0.029204310013771162,10.424594722132131,6.41540527786787,47.615076535205006,-2949470,1.2288915234240871,0,1,8.490173804851961,1,buy
EXIMBANK,2025-04-26,7.2,7.3,7.3,7.2,467300,2.773,77,1.39,1669818558.52,2025-04-26T16:34:00+08:00,0,46.132025127712716,0.05320659448819498,-0.012722129113377936,10.40098575783244,6.46901424216756,46.614955728095794,-3416770,1.355399271750938,0,0,8.473384184924374,1,buy
EXIMBANK,2025-04-27,9.3,8.4,9.3,8.4,268294,2.62,189,-9.68,1323583015.97,2025-04-27T17:19:00+08:00,0,49.89700140210462,0.04243811455176605,-0.0016900803803491394,10.353820155889196,6.456179844110803,46.37287699914804,-3148476,1.4014421809115853,0,0,8.475155645633796,0,sell
EXIMBANK,2025-04-28,8.3,8.5,8.5,8.3,448492,2.386,89,2.41,1255997820.54,2025-04-28T16:52:00+08:00,0,50.23750814201035,0.04149485403688047,0.006946906503096782,10.353820155889196,6.456179844110803,46.37287699914804,-2699984,1.3156248822750436,0,0,8.474616191154933,1,buy
EXIMBANK,2025-04-29,7.9,8.3,8.3,7.9,396990,2.965,91,5.06,1043368705.73,2025-04-29T16:54:00+08:00,0,49.5127489829107,0.024328540482063232,0.010423233298890073,10.353820155889196,6.456179844110803,46.37287699914804,-3096974,1.2645088192553975,0,0,8.471139863556768,1,buy
EXIMBANK,2025-04-30,8.7,9.5,9.5,8.7,80596,0.662,107,9.2,9661877733.67,2025-04-30T17:22:00+08:00,0,53.817780703520135,0.1063283969222244,0.029604266023556938,10.467739820199814,6.532260179800187,46.29976047528972,-3016378,1.2599010464514406,0,0,8.472882657850924,1,buy
EXIMBANK,2025-05-01,7.9,8.7,8.7,7.9,432281,3.178,57,10.13,5852934914.88,2025-05-01T16:34:00+08:00,0,50.71315879276124,0.10554391525087325,0.0447921958690202,10.376663768113747,6.543336231886251,45.311200191814386,-3448659,1.2841938288477661,0,0,8.472403499759592,1,buy
EXIMBANK,2025-05-02,9.3,9.6,9.6,9.3,311250,1.77,151,3.23,6205488742.95,2025-05-02T18:15:00+08:00,0,53.93283103222373,0.1755213849926811,0.07093803369375239,10.489863631533414,6.64013636846659,44.947195132128705,-3137409,1.2567514125014974,0,0,8.481290056411755,1,buy
EXIMBANK,2025-05-03,8.7,9.0,9.0,8.7,218577,0.954,149,3.45,6024073858.24,2025-05-03T17:33:00+08:00,0,51.516691207379324,0.18048354635742925,0.09284713622648777,10.479791655362632,6.640208344637369,44.85494521875307,-3355986,1.2312691687513906,0,0,8.483817548253906,1,buy
EXIMBANK,2025-05-04,8.4,7.8,8.4,7.8,81273,0.726,193,-7.14,5907692044.05,2025-05-04T16:16:00+08:00,0,46.98326340086528,0.08658799134283157,0.09159530724975654,10.371180371167256,6.578819628832743,44.74761937857832,-3437259,1.2290356566977199,0,0,8.482734054890642,0,sell
EXIMBANK,2025-05-05,7.9,7.0,7.9,7.0,386969,1.536,94,-11.39,4758913943.83,2025-05-05T16:33:00+08:00,0,44.19130469488123,-0.051781323740888396,0.06291998105162755,10.407473470485936,6.402526529514063,47.64957693006393,-3824228,1.2055331097907398,0,0,8.470255758125802,0,sell
EXIMBANK,2025-05-06,8.6,8.6,8.6,8.6,438198,2.494,169,0.0,8395041108.35,2025-05-06T16:47:00+08:00,0,50.523825214111596,-0.03196490309433386,0.04394300422243527,10.424238431475477,6.485761568524524,46.58163054939033,-3386030,1.2337093162342583,1,0,8.471787525120753,0,sell
EXIMBANK,2025-05-07,7.7,7.6,7.7,7.6,160655,1.098,196,-1.3,5869298997.27,2025-05-07T17:53:00+08:00,0,46.93895947683853,-0.09584702477473428,0.015984998423001363,10.427371993328517,6.472628006671482,46.80170398410692,-3546685,1.2170157936460968,0,0,8.468173991812856,0,sell
EXIMBANK,2025-05-08,8.9,9.3,9.3,8.9,369760,1.067,105,4.49,6936777532.83,2025-05-08T18:17:00+08:00,0,53.03918512381549,-0.009192310709238427,0.010949536596553407,10.397958120083265,6.482041879916735,46.397111850314346,-3176925,1.2515146655285183,0,0,8.475034457767725,1,buy
EXIMBANK,2025-05-09,7.1,6.5,7.1,6.5,307044,0.642,81,-8.45,3566240686.12,2025-05-09T16:09:00+08:00,0,44.05533601532027,-0.1645575083991293,-0.02415187240258314,10.47846096908265,6.321539030917349,49.4871659305393,-3483969,1.36212076084791,0,0,8.460674553911565,0,sell
EXIMBANK,2025-05-10,7.5,7.7,7.7,7.5,307130,0.309,76,2.67,5500061729.16,2025-05-10T17:09:00+08:00,0,48.11175222149056,-0.18868058341657523,-0.057057614605381564,10.479063036300484,6.290936963699519,49.94783628623691,-3176839,1.3505407065016306,0,0,8.454033289386915,1,buy
EXIMBANK,2025-05-11,9.8,10.7,10.7,9.8,495651,3.147,109,9.18,9744890438.57,2025-05-11T18:19:00+08:00,0,56.586606936516574,0.03388601687934667,-0.03886888830843592,10.828580345978702,6.2514196540213,53.596729414021105,-2681188,1.4683592274658,0,0,8.478919876444039,1,buy
EXIMBANK,2025-05-12,8.9,8.4,8.9,8.4,460557,3.68,44,-5.62,4536526808.85,2025-05-12T16:29:00+08:00,0,49.862582417181905,0.024399609511430498,-0.026215188744462638,10.767184202624449,6.472815797375553,49.81865899360668,-3141745,1.5277621397896712,0,0,8.47995035306498,0,sell
EXIMBANK,2025-05-13,8.8,8.7,8.8,8.7,462902,4.382,68,-1.14,6627784252.49,2025-05-13T17:34:00+08:00,0,50.685708819629546,0.04062080477005381,-0.012847990041559348,10.702805467931364,6.467194532068634,49.33734345792348,-2678843,1.447207701233266,0,0,8.482906280822816,0,sell
EXIMBANK,2025-05-14,8.3,7.3,8.3,7.3,186027,0.763,179,-12.05,5698776332.12,2025-05-14T18:52:00+08:00,0,46.82247986781781,-0.05881410840076917,-0.022041213713401314,10.553070542188701,6.356929457811299,49.629108035214685,-2864870,1.4438357225737468,0,0,8.478941924454485,0,sell
EXIMBANK,2025-05-15,9.5,9.9,9.9,9.5,64312,0.467,66,4.21,6785224540.45,2025-05-15T16:50:00+08:00,0,53.85652591967967,0.07135869875486378,-0.003361231219748297,10.491730976517145,6.388269023482858,48.61921745301287,-2800558,1.5264188852470506,0,0,8.481015935414877,1,buy
EXIMBANK,2025-05-16,8.6,8.9,8.9,8.6,185126,1.049,122,3.49,9234924944.88,2025-05-16T17:44:00+08:00,0,51.05908154001632,0.09276065651207155,0.015863146326615674,10.511582285520733,6.528417714479266,46.75075787607356,-2985684,1.5102461077294043,0,0,8.482487988824689,1,buy
EXIMBANK,2025-05-17,7.3,7.2,7.3,7.2,318579,2.569,71,-1.37,4974870518.09,2025-05-17T18:44:00+08:00,0,46.62526198042793,-0.027141064977435292,0.00726230406580548,10.53306536317599,6.386934636824013,49.00863742732832,-3304263,1.5237999571773038,0,0,8.47264594765557,0,sell
EXIMBANK,2025-05-18,9.8,9.7,9.8,9.7,458714,2.466,145,-1.02,8736419552.58,2025-05-18T18:24:00+08:00,0,53.078173321085785,0.07865833915446174,0.021541511083536732,10.66252187853473,6.37747812146527,50.29394081067441,-2845549,1.6006713888074964,0,0,8.48678766043157,0,sell
EXIMBANK,2025-05-19,8.2,9.1,9.1,8.2,487318,1.273,144,10.98,9530657395.23,2025-05-19T17:28:00+08:00,0,51.46986648265774,0.11278997100532884,0.03979120306789516,10.714437281519233,6.405562718480764,50.33731966166436,-3332867,1.5934805753212467,0,0,8.490476239153756,1,buy
EXIMBANK,2025-05-20,7.9,7.7,7.9,7.7,66578,0.595,22,-2.53,2256985396.42,2025-05-20T17:14:00+08:00,0,47.82821342856217,0.026565010535147593,0.03714596456134565,10.610186907725582,6.329813092274419,50.535700300485985,-3399445,1.5796605342268717,0,0,8.489313547333404,0,sell
EXIMBANK,2025-05-21,9.7,10.6,10.6,9.7,345715,3.274,147,9.28,8521443660.58,2025-05-21T18:40:00+08:00,0,54.94017883090934,0.1900461382518408,0.06772599929944467,10.897616556573324,6.232383443426679,54.46857108168878,-3053730,1.6739704960678095,0,0,8.504291881631671,1,buy
EXIMBANK,2025-05-22,10.0,10.3,10.3,10.0,263866,2.131,90,3.0,1674844846.93,2025-05-22T18:47:00+08:00,0,54.11830332229213,0.2920322509842741,0.11258724963641056,11.013296500639733,6.186703499360266,56.123174433482184,-3317596,1.5972583177772515,0,1,8.514930939762504,1,buy
EXIMBANK,2025-05-23,7.3,6.6,7.3,6.6,262149,2.25,103,-9.59,7844397003.19,2025-05-23T17:49:00+08:00,0,45.147784421775896,0.07345120254404947,0.10476004021793835,11.036247249387271,5.92375275061273,60.288850221397894,-3579745,1.7474541522217335,0,0,8.50451399751461,0,sell
EXIMBANK,2025-05-24,9.0,8.9,9.0,8.9,472910,0.61,131,-1.11,2757156958.93,2025-05-24T18:46:00+08:00,0,50.62649259693094,0.08483697709892901,0.10077542759413648,11.077656091570386,5.992343908429614,59.58186506316076,-3106835,1.794064569920181,0,0,8.509253104290982,0,sell
EXIMBANK,2025-05-25,9.7,9.6,9.7,9.6,243122,0.301,74,-1.03,4259948839.38,2025-05-25T18:38:00+08:00,0,52.19159631910895,0.1486311084214229,0.11034656375959377,11.14554429510944,6.184455704890562,57.25434033720575,-2863713,1.723059957783025,0,0,8.515603557445804,0,sell
EXIMBANK,2025-05-26,8.5,7.6,8.5,7.6,423970,0.963,130,-10.59,9165203040.0,2025-05-26T17:57:00+08:00,0,47.55341721913942,0.03737430409093889,0.09575211182586281,11.138707590034944,6.091292409965057,58.588684620660324,-3287683,1.7428413893699517,0,0,8.509597883840653,0,sell
EXIMBANK,2025-05-27,9.3,9.2,9.3,9.2,151031,0.471,126,-1.08,5758579447.95,2025-05-27T16:17:00+08:00,0,51.28333417111717,0.0774167017910905,0.09208502981890836,11.186164386386409,6.203835613613588,57.30107846777253,-3136652,1.7397812901292409,0,0,8.51210436668516,0,sell
EXIMBANK,2025-05-28,8.8,9.7,9.7,8.8,377981,1.856,138,10.23,8193475685.32,2025-05-28T17:17:00+08:00,0,52.422068024076154,0.14779274897165529,0.10322657364945775,11.231565119364086,6.198434880635913,57.75249843635311,-2758671,1.6797969122628664,0,1,8.519733983008944,1,buy
EXIMBANK,2025-05-29,10.0,10.8,10.8,10.0,218344,1.502,121,8.0,8446621839.51,2025-05-29T16:16:00+08:00,0,54.91866699773012,0.28899571757213494,0.1403804024339932,11.386908626709584,6.473091373290416,55.02594908644085,-2540327,1.6383828471012332,0,0,8.529679668607853,1,buy
EXIMBANK,2025-05-30,7.2,6.4,7.2,6.4,91693,0.634,171,-11.11,5014613344.82,2025-05-30T18:26:00+08:00,0,44.79348660667831,0.04533427453749894,0.12137117685469434,11.510203205804796,6.219796794195202,59.677455291704405,-2632020,1.8356412151654307,0,0,8.525823352941954,0,sell
EXIMBANK,2025-05-31,7.5,7.1,7.5,7.1,91466,0.21,136,-5.33,3737850263.72,2025-05-31T17:15:00+08:00,0,46.48391645278383,-0.090244739515704,0.07904799358061468,11.295957678707179,6.0740423212928185,60.12568056896214,-2540554,1.7830954140821855,0,0,8.523160105107738,0,sell
EXIMBANK,2025-06-01,9.1,9.9,9.9,9.1,57738,0.253,182,8.79,9765056324.92,2025-06-01T17:51:00+08:00,0,52.72021629455484,0.027922639667862015,0.06882292279806415,11.419624033580682,6.100375966419318,60.72200989910234,-2482816,1.8557314559334581,0,0,8.524602262471552,1,buy
EXIMBANK,2025-06-02,7.0,8.0,8.0,7.0,369649,1.213,45,14.29,6826160088.86,2025-06-02T18:53:00+08:00,0,48.583008600284586,-0.03138123863182685,0.04878209051208596,11.405205216023575,6.044794783976424,61.437368848677956,-2852465,1.930322066223925,0,0,8.51752594287641,1,buy
EXIMBANK,2025-06-03,9.5,9.4,9.5,9.4,172946,1.173,197,-1.05,8042022771.43,2025-06-03T16:41:00+08:00,0,51.597127592432216,0.03419414148815392,0.045864500707299555,11.442355259148338,6.217644740851663,59.1699945446962,-2679519,1.8995847757793591,0,0,8.521046449527908,0,sell
EXIMBANK,2025-06-04,7.2,7.9,7.9,7.2,282030,1.119,29,9.72,6354838677.69,2025-06-04T17:34:00+08:00,0,48.32822144329831,-0.03447693267981933,0.029796214029875777,11.32391595854607,6.1360840414539295,59.42533696554572,-2961549,1.9210430060808334,0,0,8.515723862662215,1,buy
EXIMBANK,2025-06-05,8.5,7.6,8.5,7.6,84677,0.395,84,-10.59,2184398733.82,2025-06-05T18:14:00+08:00,0,47.67763307709155,-0.11181778072960036,0.0014734150779805479,11.303389660379981,6.026610339620021,60.8976263215229,-3046226,1.8481113627893453,0,0,8.514574343074178,0,sell
EXIMBANK,2025-06-06,9.5,9.3,9.5,9.3,321436,2.466,141,-2.11,9523249029.85,2025-06-06T18:26:00+08:00,0,51.64970377261628,-0.03552564993407614,-0.0059263979244307905,11.33288899486497,6.207111005135029,58.446727362941175,-2724790,1.8518176940186777,0,0,8.520570584725178,0,sell
EXIMBANK,2025-06-07,9.2,8.3,9.2,8.3,299472,1.426,29,-9.78,7380378382.67,2025-06-07T18:55:00+08:00,0,49.27978139320018,-0.055119842046597256,-0.015765086748864086,11.23377189186398,6.166228108136017,58.24762969802257,-3024262,1.7909735730173435,0,0,8.521087950274438,0,sell
EXIMBANK,2025-06-08,9.5,9.1,9.5,9.1,379450,2.671,72,-4.21,7717643211.23,2025-06-08T17:05:00+08:00,0,51.208569453728416,-0.006025606897756219,-0.013817190778642515,11.23377189186398,6.166228108136017,58.24762969802257,-2644812,1.748761174944676,0,0,8.526918031066785,0,sell
EXIMBANK,2025-06-09,7.4,7.3,7.4,7.3,240910,1.722,134,-1.35,4363740367.74,2025-06-09T16:46:00+08:00,0,46.888079145529225,-0.11108253825524272,-0.03327026027396256,11.251069816243811,6.108930183756188,59.241240005617776,-2885722,1.7524210910200566,0,0,8.520747148264794,0,sell
EXIMBANK,2025-06-10,7.8,7.4,7.8,7.4,273412,1.903,100,-5.13,5803260294.93,2025-06-10T17:15:00+08:00,0,47.154831252772745,-0.18414899401104812,-0.06344600702137967,10.9894938752708,6.0505061247292,57.969339795089205,-2612310,1.6629624416614812,0,0,8.514987244842628,0,sell
EXIMBANK,2025-06-11,7.9,8.2,8.2,7.9,328489,3.117,128,3.8,5299278382.47,2025-06-11T18:59:00+08:00,0,49.346621248740604,-0.17547856482814694,-0.08585251858273313,10.747616556573323,6.082383443426674,55.43949035230719,-2283821,1.6013222672570895,0,0,8.512099087068625,1,buy
EXIMBANK,2025-06-12,8.5,9.2,9.2,8.5,344231,2.927,137,8.24,9927192656.89,2025-06-12T16:30:00+08:00,0,52.02518306699596,-0.086913658034387,-0.08606474647306392,10.744522675491206,6.345477324508794,51.48092862472103,-1939590,1.558370676738726,0,0,8.515390314464875,1,buy
EXIMBANK,2025-06-13,8.7,8.6,8.7,8.6,91808,0.404,37,-1.15,6869518457.91,2025-06-13T18:53:00+08:00,0,50.306279979761825,-0.06439797712150508,-0.08173139260275215,10.723718304614334,6.336281695385665,51.435364703735864,-2031398,1.4899156284002457,0,1,8.515617627525996,0,sell
EXIMBANK,2025-06-14,9.7,9.9,9.9,9.7,454217,1.592,80,2.06,6155343336.55,2025-06-14T16:06:00+08:00,0,53.86310821407193,0.05768009740706681,-0.053849094600788364,10.771634231300684,6.318365768699316,52.11548815215177,-1577181,1.4763502263716568,0,0,8.528063782820542,1,buy
EXIMBANK,2025-06-15,8.3,7.6,8.3,7.6,237217,1.15,169,-8.43,3037229888.08,2025-06-15T18:40:00+08:00,0,47.399116411897715,-0.030807794029604096,-0.04924083448655151,10.771634231300684,6.318365768699316,52.11548815215177,-1814398,1.5351823530593958,0,0,8.524653619186775,0,sell
EXIMBANK,2025-06-16,7.1,6.5,7.1,6.5,111211,0.422,139,-8.45,4787164089.91,2025-06-16T18:49:00+08:00,0,44.639921738735254,-0.187534115878508,-0.07689949076494282,10.783941869549462,6.036058130450538,56.45521687394678,-1925609,1.5040978992694392,0,0,8.520464304453798,0,sell
EXIMBANK,2025-06-17,7.3,8.1,8.1,7.3,495177,2.19,45,10.96,3932251597.05,2025-06-17T18:23:00+08:00,0,49.26609963849961,-0.18055292512333665,-0.09763017763662159,10.6313908837918,6.0286091162082,55.255483404364945,-1430432,1.510948049321622,0,0,8.513510898615845,1,buy
EXIMBANK,2025-06-18,8.6,9.2,9.2,8.6,392401,3.45,143,6.98,2613483613.19,2025-06-18T16:42:00+08:00,0,52.22213585905862,-0.08527646028525915,-0.09515943416634912,10.299878045152932,6.200121954847068,49.69401321582865,-1038031,1.4815946172272203,0,0,8.517381086355023,1,buy
EXIMBANK,2025-06-19,9.5,9.5,9.5,9.5,376894,2.441,34,0.0,5536783842.88,2025-06-19T17:18:00+08:00,0,53.025999344884994,0.014273778095402534,-0.0732727917139988,10.33733019952595,6.4726698004740495,45.98049255266984,-661137,1.3971950017109904,1,0,8.524832305578629,0,sell
EXIMBANK,2025-06-20,9.4,8.5,9.4,8.5,484147,3.25,148,-9.57,8482956290.28,2025-06-20T18:18:00+08:00,0,50.00577527540428,0.012334235195973875,-0.05615138633200426,10.31225338481114,6.637746615188859,43.35701203094137,-1145284,1.3688239301602054,0,0,8.527486836136125,0,sell
EXIMBANK,2025-06-21,9.4,9.1,9.4,9.1,63786,0.452,30,-3.19,5684676103.2,2025-06-21T17:10:00+08:00,0,51.780413050999876,0.05853733708165265,-0.03321364164927288,10.178874995520033,6.691125004479967,41.34854761161903,-1081498,1.3353365065773335,0,0,8.528340501318215,0,sell
EXIMBANK,2025-06-22,9.8,10.7,10.7,9.8,254004,1.664,198,9.18,9874223976.53,2025-06-22T16:35:00+08:00,0,56.24117410397869,0.2217045840053995,0.0177700034816616,10.55907013451009,6.58092986548991,46.41937303407445,-827494,1.3542410418218098,0,0,8.537753740130675,1,buy
EXIMBANK,2025-06-23,8.1,7.3,8.1,7.3,414605,2.362,125,-9.88,3945145079.0,2025-06-23T16:14:00+08:00,0,46.414944130222295,0.07579055143562385,0.02937411307245405,10.489129442501143,6.440870557498856,47.823495392820874,-1242099,1.5003666816916805,0,0,8.529846704664738,0,sell
EXIMBANK,2025-06-24,7.1,6.4,7.1,6.4,166903,0.458,185,-9.86,4176999395.77,2025-06-24T18:33:00+08:00,0,44.21288162174311,-0.1111881413348339,0.001261662190996462,10.595357113938691,6.184642886061306,52.571087340612465,-1409002,1.4574833472851318,0,0,8.523650584677759,0,sell
EXIMBANK,2025-06-25,8.4,9.2,9.2,8.4,483312,0.888,186,9.52,8269542932.97,2025-06-25T17:18:00+08:00,0,51.86425983922249,-0.03305249445886993,-0.005601169138976817,10.670999772830518,6.269000227169483,51.971659334841014,-925690,1.5533773939076225,0,0,8.527490181009373,1,buy
EXIMBANK,2025-06-26,7.3,6.9,7.3,6.9,221547,0.643,68,-5.48,2014835139.24,2025-06-26T16:08:00+08:00,0,46.252541894328886,-0.15493422417759994,-0.03546778014670144,10.617597847943943,6.082402152056057,54.31372090883696,-1147237,1.6067075800570778,0,0,8.52109856622869,0,sell
EXIMBANK,2025-06-27,8.8,9.8,9.8,8.8,242067,0.558,75,11.36,4669383878.34,2025-06-27T16:33:00+08:00,0,53.13759187535014,-0.01732094433697462,-0.03183841298475608,10.778614241969146,6.071385758030855,55.872148177309086,-905170,1.6990856100530007,0,0,8.52549754420599,1,buy
EXIMBANK,2025-06-28,7.8,7.3,7.8,7.3,486140,2.623,200,-6.41,5103187623.92,2025-06-28T17:02:00+08:00,0,47.48982884818129,-0.10873708184831443,-0.04721814675746776,10.715987190221737,5.9540128097782645,57.13226611209925,-1391310,1.7562937807635008,0,0,8.515696494739256,0,sell
EXIMBANK,2025-06-29,8.6,8.1,8.6,8.1,59280,0.347,87,-5.81,2396514951.84,2025-06-29T18:03:00+08:00,0,49.34519614289452,-0.11530257896576579,-0.060835033199127364,10.711557296536936,6.038442703463064,55.798383200882064,-1332030,1.7237013678518223,0,0,8.515415722437298,0,sell
EXIMBANK,2025-06-30,9.3,10.1,10.1,9.3,387569,1.334,76,8.6,1130889914.03,2025-06-30T17:34:00+08:00,0,53.74533789630797,0.04041166208427427,-0.04058569414244704,10.916574328791858,6.103425671208141,56.558738632006076,-944461,1.7434369844338349,0,0,8.525059394234473,1,buy
EXIMBANK,2025-07-01,9.4,10.3,10.3,9.4,80757,0.585,150,9.57,4987540151.12,2025-07-01T17:01:00+08:00,0,54.17402696395484,0.1779038832820632,0.003112221342455007,11.138707590034944,6.091292409965057,58.588684620660324,-863704,1.6831914855457037,0,1,8.527304817257482,1,buy
EXIMBANK,2025-07-02,8.9,9.8,9.8,8.9,233853,0.386,117,10.11,5344274184.99,2025-07-02T16:44:00+08:00,0,52.855165956342354,0.2437122744395097,0.05123223196186595,11.209741702394215,6.080258297605784,59.33468368754692,-1097557,1.6629635222924395,0,1,8.531574079306706,1,buy
EXIMBANK,2025-07-03,8.8,8.6,8.8,8.6,312970,2.053,151,-2.27,6979545424.35,2025-07-03T18:54:00+08:00,0,49.726279518426416,0.1967677116775146,0.08033932790499568,11.209741702394215,6.080258297605784,59.33468368754692,-1410527,1.6298946992715508,0,0,8.53236298254377,0,sell
EXIMBANK,2025-07-04,7.6,8.3,8.3,7.6,253451,1.407,113,9.21,2946399954.6,2025-07-04T17:18:00+08:00,0,48.94618734577348,0.13381379257136317,0.09103422083826918,11.06721901519431,6.0627809848056895,58.42893205357408,-1663978,1.5849022207521544,0,0,8.530170998868705,1,buy
EXIMBANK,2025-07-05,9.0,8.2,9.0,8.2,71380,0.146,61,-8.89,6157483508.13,2025-07-05T17:59:00+08:00,0,48.67209091163732,0.07498876999450488,0.08782513066951632,11.064392637876768,6.125607362123233,57.46114340609115,-1735358,1.5288377764127148,0,0,8.53008692808894,0,sell
EXIMBANK,2025-07-06,9.4,9.6,9.6,9.4,215203,1.705,172,2.13,3540945795.85,2025-07-06T17:53:00+08:00,0,52.66830964358632,0.13972712814660326,0.09820553016493372,11.057812817366255,6.442187182633745,52.75000725408583,-1520155,1.5196350780975207,0,0,8.534075258830514,1,buy
EXIMBANK,2025-07-07,9.8,9.1,9.8,9.1,100195,0.135,35,-7.14,5661177612.06,2025-07-07T17:48:00+08:00,0,51.13701862767952,0.14896969219002365,0.10835836256995171,11.09259678094513,6.507403219054872,52.10447229420746,-1620350,1.4610897153762694,0,0,8.535551866857467,0,sell
